--INSERINDO PESSOAS
-- Instance 1
INSERT INTO Pessoas(Nome, Endereco, CPF, Nascimento, CPF_Indica) VALUES ('João Pedro', 'Rua um 24', '244.244.244-23', DATE '2002-02-24', NULL);

-- Instance 2
INSERT INTO Pessoas(Nome, Endereco, CPF, Nascimento, CPF_Indica) VALUES ('Maria Silva', 'Avenida dois 36', '123.456.789-12', DATE '1995-07-15', '244.244.244-23');

-- Instance 3
INSERT INTO Pessoas(Nome, Endereco, CPF, Nascimento, CPF_Indica) VALUES ('Carlos Oliveira', 'Praça três 48', '987.654.321-98', DATE '1980-11-10', '123.456.789-12');

-- Instance 4
INSERT INTO Pessoas(Nome, Endereco, CPF, Nascimento, CPF_Indica) VALUES ('Ana Souza', 'Alameda quatro 12', '555.111.444-99', DATE '1988-05-30', '987.654.321-98');

-- Instance 5
INSERT INTO Pessoas(Nome, Endereco, CPF, Nascimento, CPF_Indica) VALUES ('Lucas Santos', 'Estrada cinco 92', '777.888.999-11', DATE '1999-09-18', '555.111.444-99');

-- Instance 6
INSERT INTO Pessoas(Nome, Endereco, CPF, Nascimento, CPF_Indica) VALUES ('Isabel Oliveira', 'Avenida seis 17', '111.222.333-44', DATE '1985-03-12', '777.888.999-11');

-- Instance 7
INSERT INTO Pessoas(Nome, Endereco, CPF, Nascimento, CPF_Indica) VALUES ('Rodrigo Lima', 'Rua sete 59', '333.555.777-00', DATE '1992-12-01', '111.222.333-44');

-- Instance 8
INSERT INTO Pessoas(Nome, Endereco, CPF, Nascimento, CPF_Indica) VALUES ('Mariana Costa', 'Avenida oito 23', '666.999.222-55', DATE '1983-08-22', '333.555.777-00');

-- Instance 9
INSERT INTO Pessoas(Nome, Endereco, CPF, Nascimento, CPF_Indica) VALUES ('Pedro Rocha', 'Praça nove 78', '222.333.444-55', DATE '1991-06-07', '666.999.222-55');

-- Instance 10
INSERT INTO Pessoas(Nome, Endereco, CPF, Nascimento, CPF_Indica) VALUES ('Fernanda Pereira', 'Rua dez 42', '888.777.666-22', DATE '1987-04-15', '222.333.444-55');

-- Instance 11
INSERT INTO Pessoas(Nome, Endereco, CPF, Nascimento, CPF_Indica) VALUES ('Gabriel Santos', 'Avenida onze 88', '999.888.777-66', DATE '1994-10-05', '888.777.666-22');

-- Instance 12
INSERT INTO Pessoas(Nome, Endereco, CPF, Nascimento, CPF_Indica) VALUES ('Amanda Lima', 'Rua doze 33', '444.333.222-11', DATE '1997-07-20', '999.888.777-66');

-- Instance 13
INSERT INTO Pessoas(Nome, Endereco, CPF, Nascimento, CPF_Indica) VALUES ('Rafaela Oliveira', 'Praça treze 54', '121.222.333-44', DATE '1986-04-25', '444.333.222-11');

-- Instance 14
INSERT INTO Pessoas(Nome, Endereco, CPF, Nascimento, CPF_Indica) VALUES ('Bruno Costa', 'Alameda quatorze 77', '555.444.333-22', DATE '1990-02-15', '111.222.333-44');

-- Instance 15
INSERT INTO Pessoas(Nome, Endereco, CPF, Nascimento, CPF_Indica) VALUES ('Carolina Pereira', 'Estrada quinze 21', '777.666.555-44', DATE '1998-11-08', '555.444.333-22');

-- Instance 16
INSERT INTO Pessoas(Nome, Endereco, CPF, Nascimento, CPF_Indica) VALUES ('Matheus Rocha', 'Rua dezesseis 96', '222.333.484-55', DATE '1989-08-18', '777.666.555-44');

-- Instance 17
INSERT INTO Pessoas(Nome, Endereco, CPF, Nascimento, CPF_Indica) VALUES ('Isabella Lima', 'Avenida dezessete 12', '666.555.444-11', DATE '1996-06-03', '222.333.444-55');

-- Instance 18
INSERT INTO Pessoas(Nome, Endereco, CPF, Nascimento, CPF_Indica) VALUES ('Henrique Costa', 'Praça dezoito 45', '333.222.111-99', DATE '1984-03-30', '666.555.444-11');

-- Instance 19
INSERT INTO Pessoas(Nome, Endereco, CPF, Nascimento, CPF_Indica) VALUES ('Laura Santos', 'Alameda dezenove 78', '888.777.666-62', DATE '1993-12-10', '333.222.111-99');

-- Instance 20
INSERT INTO Pessoas(Nome, Endereco, CPF, Nascimento, CPF_Indica) VALUES ('Felipe Oliveira', 'Rua vinte 54', '333.565.777-00', DATE '1982-01-22', '888.777.666-22');


--INSERINDO TELEFONES
-- Example 1
INSERT INTO Telefones(CPF, Telefone) VALUES ('244.244.244-23', '8199494-1888');

-- Example 2
INSERT INTO Telefones(CPF, Telefone) VALUES ('123.456.789-12', '8199456-7890');

-- Example 3
INSERT INTO Telefones(CPF, Telefone) VALUES ('987.654.321-98', '8798776-5432');

-- Example 4
INSERT INTO Telefones(CPF, Telefone) VALUES ('555.111.444-99', '2198877-7665');

-- Example 5
INSERT INTO Telefones(CPF, Telefone) VALUES ('777.888.999-11', '8399966-3322');

-- Example 6
INSERT INTO Telefones(CPF, Telefone) VALUES ('111.222.333-44', '8199812-3456');

-- Example 7
INSERT INTO Telefones(CPF, Telefone) VALUES ('333.555.777-00', '2198745-6321');

-- Example 8
INSERT INTO Telefones(CPF, Telefone) VALUES ('666.999.222-55', '8998899-2223');

-- Example 9
INSERT INTO Telefones(CPF, Telefone) VALUES ('222.333.444-55', '8798776-5543');

-- Example 10
INSERT INTO Telefones(CPF, Telefone) VALUES ('888.777.666-22', '8198234-5678');

-- Example 11
INSERT INTO Telefones(CPF, Telefone) VALUES ('999.888.777-66', '8998987-6543');

-- Example 12
INSERT INTO Telefones(CPF, Telefone) VALUES ('444.333.222-11', '8798776-6655');

-- Example 13
INSERT INTO Telefones(CPF, Telefone) VALUES ('777.666.555-44', '2198111-2223');

-- Example 14
INSERT INTO Telefones(CPF, Telefone) VALUES ('222.333.444-55', '8398345-6789');

-- Example 15
INSERT INTO Telefones(CPF, Telefone) VALUES ('666.555.444-11', '8798765-4433');

-- Example 16
INSERT INTO Telefones(CPF, Telefone) VALUES ('333.222.111-99', '2198442-2233');

-- Example 17
INSERT INTO Telefones(CPF, Telefone) VALUES ('888.777.666-22', '8899966-7555');

-- Example 18
INSERT INTO Telefones(CPF, Telefone) VALUES ('333.555.777-00', '8198345-6789');

-- Example 19
INSERT INTO Telefones(CPF, Telefone) VALUES ('777.666.555-44', '2199888-9876');

-- Example 20
INSERT INTO Telefones(CPF, Telefone) VALUES ('333.565.777-00', '8798776-6655');


-- INSERINDO CONTAS
-- Example 1
INSERT INTO Conta (Saldo) VALUES (1000.00);

-- Example 2
INSERT INTO Conta (Saldo) VALUES (200.00);

-- Example 3
INSERT INTO Conta (Saldo) VALUES (500.00);

-- Example 4
INSERT INTO Conta (Saldo) VALUES (70.00);

-- Example 5
INSERT INTO Conta (Saldo) VALUES (900.00);

-- Example 6
INSERT INTO Conta (Saldo) VALUES (200.00);

-- Example 7
INSERT INTO Conta (Saldo) VALUES (500.00);

-- Example 8
INSERT INTO Conta (Saldo) VALUES (70.00);

-- Example 9
INSERT INTO Conta (Saldo) VALUES (15.00);

-- Example 10
INSERT INTO Conta (Saldo) VALUES (200.00);

-- Example 11
INSERT INTO Conta (Saldo) VALUES (500.00);

-- Example 12
INSERT INTO Conta (Saldo) VALUES (70.00);

-- Example 13
INSERT INTO Conta (Saldo) VALUES (35.00);

-- Example 14
INSERT INTO Conta (Saldo) VALUES (200.00);

-- Example 15
INSERT INTO Conta (Saldo) VALUES (500.00);

-- Example 16
INSERT INTO Conta (Saldo) VALUES (70.00);

-- Example 17
INSERT INTO Conta (Saldo) VALUES (700.00);

-- Example 18
INSERT INTO Conta (Saldo) VALUES (200.00);

-- Example 19
INSERT INTO Conta (Saldo) VALUES (70.00);

-- Example 20
INSERT INTO Conta (Saldo) VALUES (70.00);


--INSERINDO PESSOAS MOVIMENTAM CONTAS
-- Example 1
INSERT INTO Pessoas_movimentam_contas(CPF, ID_Conta, Valor, DataHora) VALUES ('244.244.244-23', 1, 90.00, TO_TIMESTAMP('2021-01-01 08:00:00', 'YYYY-MM-DD HH24:MI:SS'));

INSERT INTO Pessoas_movimentam_contas(CPF, ID_Conta, Valor, DataHora) VALUES ('123.456.789-12', 2, 764.00, TO_TIMESTAMP('2021-01-02 09:00:00', 'YYYY-MM-DD HH24:MI:SS'));

INSERT INTO Pessoas_movimentam_contas(CPF, ID_Conta, Valor, DataHora) VALUES ('987.654.321-98', 3, 2301.00, TO_TIMESTAMP('2021-01-03 10:00:00', 'YYYY-MM-DD HH24:MI:SS'));

INSERT INTO Pessoas_movimentam_contas(CPF, ID_Conta, Valor, DataHora) VALUES ('555.111.444-99', 4, 88.00, TO_TIMESTAMP('2021-01-04 11:00:00', 'YYYY-MM-DD HH24:MI:SS'));

INSERT INTO Pessoas_movimentam_contas(CPF, ID_Conta, Valor, DataHora) VALUES ('777.888.999-11', 5, 456.00, TO_TIMESTAMP('2021-01-05 12:00:00', 'YYYY-MM-DD HH24:MI:SS'));

INSERT INTO Pessoas_movimentam_contas(CPF, ID_Conta, Valor, DataHora) VALUES ('111.222.333-44', 6, 7843.00, TO_TIMESTAMP('2021-01-06 13:00:00', 'YYYY-MM-DD HH24:MI:SS'));

INSERT INTO Pessoas_movimentam_contas(CPF, ID_Conta, Valor, DataHora) VALUES ('333.555.777-00', 7, 92.00, TO_TIMESTAMP('2021-01-07 14:00:00', 'YYYY-MM-DD HH24:MI:SS'));

INSERT INTO Pessoas_movimentam_contas(CPF, ID_Conta, Valor, DataHora) VALUES ('666.999.222-55', 8, 120.00, TO_TIMESTAMP('2021-01-08 15:00:00', 'YYYY-MM-DD HH24:MI:SS'));

INSERT INTO Pessoas_movimentam_contas(CPF, ID_Conta, Valor, DataHora) VALUES ('222.333.444-55', 9, 432.00, TO_TIMESTAMP('2021-01-09 16:00:00', 'YYYY-MM-DD HH24:MI:SS'));

INSERT INTO Pessoas_movimentam_contas(CPF, ID_Conta, Valor, DataHora) VALUES ('888.777.666-22', 10, 7645.00, TO_TIMESTAMP('2021-01-10 17:00:00', 'YYYY-MM-DD HH24:MI:SS'));

INSERT INTO Pessoas_movimentam_contas(CPF, ID_Conta, Valor, DataHora) VALUES ('999.888.777-66', 11, 123.00, TO_TIMESTAMP('2021-01-11 18:00:00', 'YYYY-MM-DD HH24:MI:SS'));

INSERT INTO Pessoas_movimentam_contas(CPF, ID_Conta, Valor, DataHora) VALUES ('444.333.222-11', 12, 678.00, TO_TIMESTAMP('2021-01-12 19:00:00', 'YYYY-MM-DD HH24:MI:SS'));

INSERT INTO Pessoas_movimentam_contas(CPF, ID_Conta, Valor, DataHora) VALUES ('777.666.555-44', 13, 94.00, TO_TIMESTAMP('2021-01-13 20:00:00', 'YYYY-MM-DD HH24:MI:SS'));

INSERT INTO Pessoas_movimentam_contas(CPF, ID_Conta, Valor, DataHora) VALUES ('222.333.444-55', 14, 5678.00, TO_TIMESTAMP('2021-01-14 21:00:00', 'YYYY-MM-DD HH24:MI:SS'));

INSERT INTO Pessoas_movimentam_contas(CPF, ID_Conta, Valor, DataHora) VALUES ('666.555.444-11', 15, 983.00, TO_TIMESTAMP('2021-01-15 22:00:00', 'YYYY-MM-DD HH24:MI:SS'));

INSERT INTO Pessoas_movimentam_contas(CPF, ID_Conta, Valor, DataHora) VALUES ('333.222.111-99', 16, 1234.00, TO_TIMESTAMP('2021-01-16 23:00:00', 'YYYY-MM-DD HH24:MI:SS'));

INSERT INTO Pessoas_movimentam_contas(CPF, ID_Conta, Valor, DataHora) VALUES ('888.777.666-22', 17, 567.00, TO_TIMESTAMP('2021-01-17 08:00:00', 'YYYY-MM-DD HH24:MI:SS'));

INSERT INTO Pessoas_movimentam_contas(CPF, ID_Conta, Valor, DataHora) VALUES ('333.555.777-00', 18, 76.00, TO_TIMESTAMP('2021-01-18 09:00:00', 'YYYY-MM-DD HH24:MI:SS'));

INSERT INTO Pessoas_movimentam_contas(CPF, ID_Conta, Valor, DataHora) VALUES ('777.666.555-44', 19, 4567.00, TO_TIMESTAMP('2021-01-19 10:00:00', 'YYYY-MM-DD HH24:MI:SS'));

INSERT INTO Pessoas_movimentam_contas(CPF, ID_Conta, Valor, DataHora) VALUES ('333.555.777-00', 20, 89.00, TO_TIMESTAMP('2021-01-20 11:00:00', 'YYYY-MM-DD HH24:MI:SS'));


-- INSERINDO DADOS BANCÁRIOS
-- Example 1
INSERT INTO Dados_Bancarios (Conta, Agencia, ID_Conta) VALUES ('1', '0001-2', 1);

-- Example 2
INSERT INTO Dados_Bancarios (Conta, Agencia, ID_Conta) VALUES ('2', '0002-3', 2);

-- Example 3
INSERT INTO Dados_Bancarios (Conta, Agencia, ID_Conta) VALUES ('3', '0004-2', 3);

-- Example 4
INSERT INTO Dados_Bancarios (Conta, Agencia, ID_Conta) VALUES ('4', '0003-3', 4);

-- Example 5
INSERT INTO Dados_Bancarios (Conta, Agencia, ID_Conta) VALUES ('5', '0405-2', 5); 

-- Example 6
INSERT INTO Dados_Bancarios (Conta, Agencia, ID_Conta) VALUES ('6', '4001-3', 6);

-- Example 7
INSERT INTO Dados_Bancarios (Conta, Agencia, ID_Conta) VALUES ('7', '4002-2', 7);

-- Example 8
INSERT INTO Dados_Bancarios (Conta, Agencia, ID_Conta) VALUES ('8', '4001-3', 8);

-- Example 9
INSERT INTO Dados_Bancarios (Conta, Agencia, ID_Conta) VALUES ('9', '4001-2', 9); 

-- Example 10
INSERT INTO Dados_Bancarios (Conta, Agencia, ID_Conta) VALUES ('10', '4001-3', 10);

-- Example 11
INSERT INTO Dados_Bancarios (Conta, Agencia, ID_Conta) VALUES ('11', '4504-2', 11);

-- Example 12
INSERT INTO Dados_Bancarios (Conta, Agencia, ID_Conta) VALUES ('12', '2101-3', 12);

-- Example 13
INSERT INTO Dados_Bancarios (Conta, Agencia, ID_Conta) VALUES ('13', '4500-2', 13); 

-- Example 14
INSERT INTO Dados_Bancarios (Conta, Agencia, ID_Conta) VALUES ('14', '4002-3', 14);

-- Example 15
INSERT INTO Dados_Bancarios (Conta, Agencia, ID_Conta) VALUES ('15', '0002-2', 15);

-- Example 16
INSERT INTO Dados_Bancarios (Conta, Agencia, ID_Conta) VALUES ('16', '0404-3', 16);

-- Example 17
INSERT INTO Dados_Bancarios (Conta, Agencia, ID_Conta) VALUES ('17', '0402-2', 17); 

-- Example 18
INSERT INTO Dados_Bancarios (Conta, Agencia, ID_Conta) VALUES ('18', '4004-3', 18);

-- Example 19
INSERT INTO Dados_Bancarios (Conta, Agencia, ID_Conta) VALUES ('19', '4005-2', 19);

-- Example 20
INSERT INTO Dados_Bancarios (Conta, Agencia, ID_Conta) VALUES ('20', '0105-3', 20);


-- INSERINDO EVENTOS ESPORTIVOS
-- Example 1
INSERT INTO Evento_Esportivo (Mandante, Visitante, Estadio) VALUES ('São Paulo', 'Corinthians', 'Morumbi');

-- Example 2
INSERT INTO Evento_Esportivo (Mandante, Visitante, Estadio) VALUES ('Palmeiras', 'Santos', 'Allianz Parque'); 

-- Example 3
INSERT INTO Evento_Esportivo (Mandante, Visitante, Estadio) VALUES ('Flamengo', 'Fluminense', 'Maracanã');

-- Example 4
INSERT INTO Evento_Esportivo (Mandante, Visitante, Estadio) VALUES ('Vasco', 'Botafogo', 'São Januário'); 

-- Example 5
INSERT INTO Evento_Esportivo (Mandante, Visitante, Estadio) VALUES ('Grêmio', 'Internacional', 'Arena do Grêmio');

-- Example 6
INSERT INTO Evento_Esportivo (Mandante, Visitante, Estadio) VALUES ('Atlético-MG', 'Cruzeiro', 'Mineirão'); 

-- Example 7
INSERT INTO Evento_Esportivo (Mandante, Visitante, Estadio) VALUES ('Bahia', 'Vitória', 'Fonte Nova');

-- Example 8
INSERT INTO Evento_Esportivo (Mandante, Visitante, Estadio) VALUES ('Sport', 'Náutico', 'Ilha do Retiro'); 

-- Example 9
INSERT INTO Evento_Esportivo (Mandante, Visitante, Estadio) VALUES ('Ceará', 'Fortaleza', 'Castelão');

-- Example 10
INSERT INTO Evento_Esportivo (Mandante, Visitante, Estadio) VALUES ('Coritiba', 'Atlético-PR', 'Couto Pereira'); 

-- Example 11
INSERT INTO Evento_Esportivo (Mandante, Visitante, Estadio) VALUES ('Ponte Preta', 'Guarani', 'Moisés Lucarelli');

-- Example 12
INSERT INTO Evento_Esportivo (Mandante, Visitante, Estadio) VALUES ('São Caetano', 'Santo André', 'Anacleto Campanella'); 

-- Example 13
INSERT INTO Evento_Esportivo (Mandante, Visitante, Estadio) VALUES ('São Bento', 'São Bernardo', 'Walter Ribeiro');

-- Example 14
INSERT INTO Evento_Esportivo (Mandante, Visitante, Estadio) VALUES ('Juventus', 'Portuguesa', 'Conde Rodolfo Crespi'); 

-- Example 15
INSERT INTO Evento_Esportivo (Mandante, Visitante, Estadio) VALUES ('Santos', 'São Paulo', 'Vila Belmiro');

-- Example 16
INSERT INTO Evento_Esportivo (Mandante, Visitante, Estadio) VALUES ('Corinthians', 'Palmeiras', 'Arena Corinthians'); 

-- Example 17
INSERT INTO Evento_Esportivo (Mandante, Visitante, Estadio) VALUES ('Fluminense', 'Vasco', 'Maracanã');

-- Example 18
INSERT INTO Evento_Esportivo (Mandante, Visitante, Estadio) VALUES ('Botafogo', 'Flamengo', 'Engenhão'); 

-- Example 19
INSERT INTO Evento_Esportivo (Mandante, Visitante, Estadio) VALUES('Internacional', 'Grêmio', 'Beira-Rio');

-- Example 20
INSERT INTO Evento_Esportivo (Mandante, Visitante, Estadio) VALUES ('Cruzeiro', 'Atlético-MG', 'Mineirão');


-- INSERINDO DATA HORA
-- Example 1
INSERT INTO DataHora (ID_Evento, DataHora) VALUES (1, TO_TIMESTAMP('2021-01-01 08:00:00', 'YYYY-MM-DD HH24:MI:SS')); 

-- Example 2
INSERT INTO DataHora (ID_Evento, DataHora) VALUES (2, TO_TIMESTAMP('2021-01-02 09:00:00', 'YYYY-MM-DD HH24:MI:SS'));

-- Example 3
INSERT INTO DataHora (ID_Evento, DataHora) VALUES (3, TO_TIMESTAMP('2021-01-03 10:00:00', 'YYYY-MM-DD HH24:MI:SS'));

-- Example 4
INSERT INTO DataHora (ID_Evento, DataHora) VALUES (4, TO_TIMESTAMP('2021-01-03 10:00:00', 'YYYY-MM-DD HH24:MI:SS')); 

-- Example 5
INSERT INTO DataHora (ID_Evento, DataHora) VALUES (5, TO_TIMESTAMP('2021-01-02 10:00:00', 'YYYY-MM-DD HH24:MI:SS'));

-- Example 6
INSERT INTO DataHora (ID_Evento, DataHora) VALUES (6, TO_TIMESTAMP('2021-04-03 10:00:00', 'YYYY-MM-DD HH24:MI:SS'));

-- Example 7
INSERT INTO DataHora (ID_Evento, DataHora) VALUES (7, TO_TIMESTAMP('2021-04-05 10:00:00', 'YYYY-MM-DD HH24:MI:SS')); 

-- Example 8
INSERT INTO DataHora (ID_Evento, DataHora) VALUES (8, TO_TIMESTAMP('2021-01-03 10:00:00', 'YYYY-MM-DD HH24:MI:SS'));

-- Example 9
INSERT INTO DataHora (ID_Evento, DataHora) VALUES (9, TO_TIMESTAMP('2021-01-08 10:00:00', 'YYYY-MM-DD HH24:MI:SS'));

-- Example 10
INSERT INTO DataHora (ID_Evento, DataHora) VALUES (10, TO_TIMESTAMP('2021-01-03 10:00:00', 'YYYY-MM-DD HH24:MI:SS')); 

-- Example 11
INSERT INTO DataHora (ID_Evento, DataHora) VALUES (11, TO_TIMESTAMP('2021-09-03 10:00:00', 'YYYY-MM-DD HH24:MI:SS'));

-- Example 12
INSERT INTO DataHora (ID_Evento, DataHora) VALUES (12, TO_TIMESTAMP('2021-01-04 10:00:00', 'YYYY-MM-DD HH24:MI:SS'));

-- Example 13
INSERT INTO DataHora (ID_Evento, DataHora) VALUES (13, TO_TIMESTAMP('2021-07-03 10:00:00', 'YYYY-MM-DD HH24:MI:SS')); 

-- Example 14
INSERT INTO DataHora (ID_Evento, DataHora) VALUES (14, TO_TIMESTAMP('2021-01-08 10:00:00', 'YYYY-MM-DD HH24:MI:SS'));

-- Example 15
INSERT INTO DataHora (ID_Evento, DataHora) VALUES (15, TO_TIMESTAMP('2021-01-03 10:00:00', 'YYYY-MM-DD HH24:MI:SS'));

-- Example 16
INSERT INTO DataHora (ID_Evento, DataHora) VALUES (16, TO_TIMESTAMP('2021-01-03 10:00:00', 'YYYY-MM-DD HH24:MI:SS')); 

-- Example 17
INSERT INTO DataHora (ID_Evento, DataHora) VALUES (17, TO_TIMESTAMP('2021-01-03 10:00:00', 'YYYY-MM-DD HH24:MI:SS'));

-- Example 18
INSERT INTO DataHora (ID_Evento, DataHora) VALUES (18, TO_TIMESTAMP('2021-10-03 10:00:00', 'YYYY-MM-DD HH24:MI:SS'));

-- Example 19
INSERT INTO DataHora (ID_Evento, DataHora) VALUES (19, TO_TIMESTAMP('2021-01-12 10:00:00', 'YYYY-MM-DD HH24:MI:SS')); 

-- Example 20
INSERT INTO DataHora (ID_Evento, DataHora) VALUES (20, TO_TIMESTAMP('2021-01-03 10:00:00', 'YYYY-MM-DD HH24:MI:SS'));


-- INSERINDO BONUS
-- Example 1
INSERT INTO Bonus (CPF, Codigo_Bonus, Valor) VALUES ('244.244.244-23', 'BONUS10', 35.00);

-- Example 2
INSERT INTO Bonus (CPF, Codigo_Bonus, Valor) VALUES ('123.456.789-12', 'BONUS20', 45.00);

-- Example 3
INSERT INTO Bonus (CPF, Codigo_Bonus, Valor) VALUES ('987.654.321-98', 'BONUS30', 245.00); 

-- Example 4
INSERT INTO Bonus (CPF, Codigo_Bonus, Valor) VALUES ('555.111.444-99', 'BONUS40', 40.00);

-- Example 5
INSERT INTO Bonus (CPF, Codigo_Bonus, Valor) VALUES ('777.888.999-11', 'BONUS50', 45.00); 

-- Example 6
INSERT INTO Bonus (CPF, Codigo_Bonus, Valor) VALUES ('111.222.333-44', 'BONUS60', 54.00);

-- Example 7
INSERT INTO Bonus (CPF, Codigo_Bonus, Valor) VALUES ('333.555.777-00', 'BONUS70', 25.00); 

-- Example 8
INSERT INTO Bonus (CPF, Codigo_Bonus, Valor) VALUES ('666.999.222-55', 'BONUS80', 200.00);

-- Example 9
INSERT INTO Bonus (CPF, Codigo_Bonus, Valor) VALUES ('222.333.444-55', 'BONUS90', 45.00); 

-- Example 10
INSERT INTO Bonus (CPF, Codigo_Bonus, Valor) VALUES ('888.777.666-22', 'BONUS100', 24.00);

-- Example 11
INSERT INTO Bonus (CPF, Codigo_Bonus, Valor) VALUES ('444.333.222-11', 'BONUS110', 27.00); 

-- Example 12
INSERT INTO Bonus (CPF, Codigo_Bonus, Valor) VALUES ('111.222.333-44', 'BONUS120', 14.00);

-- Example 13
INSERT INTO Bonus (CPF, Codigo_Bonus, Valor) VALUES ('555.444.333-22', 'BONUS130', 45.00); 

-- Example 14
INSERT INTO Bonus (CPF, Codigo_Bonus, Valor) VALUES ('777.666.555-44', 'BONUS140', 28.00);

-- Example 15
INSERT INTO Bonus (CPF, Codigo_Bonus, Valor) VALUES ('222.333.444-55', 'BONUS150', 24.00); 

-- Example 16
INSERT INTO Bonus (CPF, Codigo_Bonus, Valor) VALUES ('666.555.444-11', 'BONUS160', 27.00);

-- Example 17
INSERT INTO Bonus (CPF, Codigo_Bonus, Valor) VALUES ('333.222.111-99', 'BONUS170', 45.00); 

-- Example 18
INSERT INTO Bonus (CPF, Codigo_Bonus, Valor) VALUES ('888.777.666-22', 'BONUS180', 21.00);

-- Example 19
INSERT INTO Bonus (CPF, Codigo_Bonus, Valor) VALUES ('333.555.777-00', 'BONUS190', 245.00); 

-- Example 20
INSERT INTO Bonus (CPF, Codigo_Bonus, Valor) VALUES ('333.555.777-00', 'BONUS200', 24.00);


-- INSERINDO APOSTAS
-- Example 1
INSERT INTO Apostas (ID_Aposta) VALUES (1);

-- Example 2
INSERT INTO Apostas (ID_Aposta) VALUES (2);

-- Example 3
INSERT INTO Apostas (ID_Aposta) VALUES (3);

-- Example 4  
INSERT INTO Apostas (ID_Aposta) VALUES (4);

-- Example 5
INSERT INTO Apostas (ID_Aposta) VALUES (5);

-- Example 6
INSERT INTO Apostas (ID_Aposta) VALUES (6);

-- Example 7
INSERT INTO Apostas (ID_Aposta) VALUES (7);

-- Example 8
INSERT INTO Apostas (ID_Aposta) VALUES (8);

-- Example 9
INSERT INTO Apostas (ID_Aposta) VALUES (9);

-- Example 10
INSERT INTO Apostas (ID_Aposta) VALUES (10);

-- Example 11
INSERT INTO Apostas (ID_Aposta) VALUES (11);

-- Example 12
INSERT INTO Apostas (ID_Aposta) VALUES (12);

-- Example 13
INSERT INTO Apostas (ID_Aposta) VALUES (13);

-- Example 14
INSERT INTO Apostas (ID_Aposta) VALUES (14);

-- Example 15
INSERT INTO Apostas (ID_Aposta) VALUES (15);

-- Example 16
INSERT INTO Apostas (ID_Aposta) VALUES (16);

-- Example 17
INSERT INTO Apostas (ID_Aposta) VALUES (17);

-- Example 18
INSERT INTO Apostas (ID_Aposta) VALUES (18);

-- Example 19
INSERT INTO Apostas (ID_Aposta) VALUES (19);

-- Example 20
INSERT INTO Apostas (ID_Aposta) VALUES (20);



-- INSERINDO Gols
-- Example 1
INSERT INTO Gols (ID_Aposta, Quantidade) VALUES (1, 4);

-- Example 2
INSERT INTO Gols (ID_Aposta, Quantidade) VALUES (2, 2);

-- Example 3
INSERT INTO Gols (ID_Aposta, Quantidade) VALUES (3, 1); 

-- Example 4
INSERT INTO Gols (ID_Aposta, Quantidade) VALUES (4, 3);

-- Example 5
INSERT INTO Gols (ID_Aposta, Quantidade) VALUES (5, 2);

-- Example 6
INSERT INTO Gols (ID_Aposta, Quantidade) VALUES (6, 1);

-- Example 7
INSERT INTO Gols (ID_Aposta, Quantidade) VALUES (7,0);

-- Example 8
INSERT INTO Gols (ID_Aposta, Quantidade) VALUES (8, 1);

-- Example 9
INSERT INTO Gols (ID_Aposta, Quantidade) VALUES (9, 2);

-- Example 10
INSERT INTO Gols (ID_Aposta, Quantidade) VALUES (10, 3);

-- Example 11
INSERT INTO Gols (ID_Aposta, Quantidade) VALUES (11, 2);

-- Example 12
INSERT INTO Gols (ID_Aposta, Quantidade) VALUES (12, 1); 

-- Example 13
INSERT INTO Gols (ID_Aposta, Quantidade) VALUES (13, 0);

-- Example 14
INSERT INTO Gols (ID_Aposta, Quantidade) VALUES (14, 1);

-- Example 15
INSERT INTO Gols (ID_Aposta, Quantidade) VALUES (15, 2);

-- Example 16
INSERT INTO Gols (ID_Aposta, Quantidade) VALUES (16, 3);

-- Example 17
INSERT INTO Gols (ID_Aposta, Quantidade) VALUES (17, 2);

-- Example 18
INSERT INTO Gols (ID_Aposta, Quantidade) VALUES (18, 1);

-- Example 19
INSERT INTO Gols (ID_Aposta, Quantidade) VALUES (19, 0);

-- Example 20
INSERT INTO Gols (ID_Aposta, Quantidade) VALUES (20, 1);


-- INSERINDO PLACAR EXATO
-- Example 1
INSERT INTO Placar_Exato(ID_Aposta, Gol_Mandante, Gol_Visitante) VALUES (1, 3, 1);

-- Example 2
INSERT INTO Placar_Exato(ID_Aposta, Gol_Mandante, Gol_Visitante) VALUES (2, 1, 1);

-- Example 3
INSERT INTO Placar_Exato(ID_Aposta, Gol_Mandante, Gol_Visitante) VALUES (3, 1, 0);

-- Example 4
INSERT INTO Placar_Exato(ID_Aposta, Gol_Mandante, Gol_Visitante) VALUES (4, 2, 1);

-- Example 5
INSERT INTO Placar_Exato(ID_Aposta, Gol_Mandante, Gol_Visitante) VALUES (5, 1, 1);

-- Example 6
INSERT INTO Placar_Exato(ID_Aposta, Gol_Mandante, Gol_Visitante) VALUES (6, 1, 0);

-- Example 7
INSERT INTO Placar_Exato(ID_Aposta, Gol_Mandante, Gol_Visitante) VALUES (7, 0, 0);

-- Example 8
INSERT INTO Placar_Exato(ID_Aposta, Gol_Mandante, Gol_Visitante) VALUES (8, 1, 0);

-- Example 9
INSERT INTO Placar_Exato(ID_Aposta, Gol_Mandante, Gol_Visitante) VALUES (9, 1, 1);

-- Example 10
INSERT INTO Placar_Exato(ID_Aposta, Gol_Mandante, Gol_Visitante) VALUES (10, 2, 1);

-- Example 11
INSERT INTO Placar_Exato(ID_Aposta, Gol_Mandante, Gol_Visitante) VALUES (11, 1, 1);

-- Example 12
INSERT INTO Placar_Exato(ID_Aposta, Gol_Mandante, Gol_Visitante) VALUES (12, 1, 0);

-- Example 13
INSERT INTO Placar_Exato(ID_Aposta, Gol_Mandante, Gol_Visitante) VALUES (13, 0, 0);

-- Example 14
INSERT INTO Placar_Exato(ID_Aposta, Gol_Mandante, Gol_Visitante) VALUES (14, 1, 0);

-- Example 15
INSERT INTO Placar_Exato(ID_Aposta, Gol_Mandante, Gol_Visitante) VALUES (15, 1, 1);

-- Example 16
INSERT INTO Placar_Exato(ID_Aposta, Gol_Mandante, Gol_Visitante) VALUES (16, 2, 1);

-- Example 17
INSERT INTO Placar_Exato(ID_Aposta, Gol_Mandante, Gol_Visitante) VALUES (17, 1, 1);

-- Example 18
INSERT INTO Placar_Exato(ID_Aposta, Gol_Mandante, Gol_Visitante) VALUES (18, 1, 0);

-- Example 19
INSERT INTO Placar_Exato(ID_Aposta, Gol_Mandante, Gol_Visitante) VALUES (19, 0, 0);

-- Example 20
INSERT INTO Placar_Exato(ID_Aposta, Gol_Mandante, Gol_Visitante) VALUES (20, 1, 0);


-- INSERINDO RESULTADO
-- Example 1
INSERT INTO Resultado(ID_Aposta, Resultado) VALUES (1, 'Mandante');

-- Example 2
INSERT INTO Resultado(ID_Aposta, Resultado) VALUES (2, 'Empate');

-- Example 3
INSERT INTO Resultado(ID_Aposta, Resultado) VALUES (3, 'Mandante');

-- Example 4
INSERT INTO Resultado(ID_Aposta, Resultado) VALUES (4, 'Mandante');

-- Example 5
INSERT INTO Resultado(ID_Aposta, Resultado) VALUES (5, 'Empate');

-- Example 6
INSERT INTO Resultado(ID_Aposta, Resultado) VALUES (6, 'Mandante');

-- Example 7
INSERT INTO Resultado(ID_Aposta, Resultado) VALUES (7, 'Empate');

-- Example 8
INSERT INTO Resultado(ID_Aposta, Resultado) VALUES (8, 'Mandante');

-- Example 9
INSERT INTO Resultado(ID_Aposta, Resultado) VALUES (9, 'Empate');

-- Example 10
INSERT INTO Resultado(ID_Aposta, Resultado) VALUES (10, 'Mandante');

-- Example 11
INSERT INTO Resultado(ID_Aposta, Resultado) VALUES (11, 'Empate');

-- Example 12
INSERT INTO Resultado(ID_Aposta, Resultado) VALUES (12, 'Mandante');

-- Example 13
INSERT INTO Resultado(ID_Aposta, Resultado) VALUES (13, 'Empate');

-- Example 14
INSERT INTO Resultado(ID_Aposta, Resultado) VALUES (14, 'Mandante');

-- Example 15
INSERT INTO Resultado(ID_Aposta, Resultado) VALUES (15, 'Empate');

-- Example 16
INSERT INTO Resultado(ID_Aposta, Resultado) VALUES (16, 'Mandante');

-- Example 17
INSERT INTO Resultado(ID_Aposta, Resultado) VALUES (17, 'Empate');

-- Example 18
INSERT INTO Resultado(ID_Aposta, Resultado) VALUES (18, 'Mandante');

-- Example 19
INSERT INTO Resultado(ID_Aposta, Resultado) VALUES (19, 'Empate');

-- Example 20
INSERT INTO Resultado(ID_Aposta, Resultado) VALUES (20, 'Mandante');


-- INSERINDO AMBOS MARCAM
-- Example 1
INSERT INTO Ambos_Marcam(ID_Aposta, Sim/Nao) VALUES (1, true);

-- Example 2
INSERT INTO Ambos_Marcam(ID_Aposta, Sim/Nao) VALUES (2, true);

-- Example 3
INSERT INTO Ambos_Marcam(ID_Aposta, Sim/Nao) VALUES (3, false);

-- Example 4
INSERT INTO Ambos_Marcam(ID_Aposta, Sim/Nao) VALUES (4, true);

-- Example 5
INSERT INTO Ambos_Marcam(ID_Aposta, Sim/Nao) VALUES (5, true);

-- Example 6
INSERT INTO Ambos_Marcam(ID_Aposta, Sim/Nao) VALUES (6, false);

-- Example 7
INSERT INTO Ambos_Marcam(ID_Aposta, Sim/Nao) VALUES (7, false);

-- Example 8
INSERT INTO Ambos_Marcam(ID_Aposta, Sim/Nao) VALUES (8, false);

-- Example 9
INSERT INTO Ambos_Marcam(ID_Aposta, Sim/Nao) VALUES (9, true);

-- Example 10
INSERT INTO Ambos_Marcam(ID_Aposta, Sim/Nao) VALUES (10, true);

-- Example 11
INSERT INTO Ambos_Marcam(ID_Aposta, Sim/Nao) VALUES (11, true);

-- Example 12
INSERT INTO Ambos_Marcam(ID_Aposta, Sim/Nao) VALUES (12, false);

-- Example 13
INSERT INTO Ambos_Marcam(ID_Aposta, Sim/Nao) VALUES (13, false);

-- Example 14
INSERT INTO Ambos_Marcam(ID_Aposta, Sim/Nao) VALUES (14, false);

-- Example 15
INSERT INTO Ambos_Marcam(ID_Aposta, Sim/Nao) VALUES (15, true);

-- Example 16
INSERT INTO Ambos_Marcam(ID_Aposta, Sim/Nao) VALUES (16, true);

-- Example 17
INSERT INTO Ambos_Marcam(ID_Aposta, Sim/Nao) VALUES (17, true);

-- Example 18
INSERT INTO Ambos_Marcam(ID_Aposta, Sim/Nao) VALUES (18, false);

-- Example 19
INSERT INTO Ambos_Marcam(ID_Aposta, Sim/Nao) VALUES (19, false);

-- Example 20
INSERT INTO Ambos_Marcam(ID_Aposta, Sim/Nao) VALUES (20, false);

-- INSERINDO APOSTAR
INSERT INTO Apostar(CPF, ID_Conta, ID_Evento, ID_Aposta, Valor) VALUES ('555.111.444-99', 4, 4, 4, 40.00);
INSERT INTO Apostar(CPF, ID_Conta, ID_Evento, ID_Aposta, Valor) VALUES ('777.888.999-11', 5, 5, 5, 50.00);
INSERT INTO Apostar(CPF, ID_Conta, ID_Evento, ID_Aposta, Valor) VALUES ('111.222.333-44', 6, 6, 6, 60.00);
INSERT INTO Apostar(CPF, ID_Conta, ID_Evento, ID_Aposta, Valor) VALUES ('333.555.777-00', 7, 7, 7, 70.00);
INSERT INTO Apostar(CPF, ID_Conta, ID_Evento, ID_Aposta, Valor) VALUES ('666.999.222-55', 8, 8, 8, 80.00);
INSERT INTO Apostar(CPF, ID_Conta, ID_Evento, ID_Aposta, Valor) VALUES ('222.333.444-55', 9, 9, 9, 90.00);
INSERT INTO Apostar(CPF, ID_Conta, ID_Evento, ID_Aposta, Valor) VALUES ('888.777.666-22', 10, 10, 10, 100.00);
INSERT INTO Apostar(CPF, ID_Conta, ID_Evento, ID_Aposta, Valor) VALUES ('444.333.222-11', 11, 11, 11, 110.00);
INSERT INTO Apostar(CPF, ID_Conta, ID_Evento, ID_Aposta, Valor) VALUES ('111.222.333-44', 12, 12, 12, 120.00);
INSERT INTO Apostar(CPF, ID_Conta, ID_Evento, ID_Aposta, Valor) VALUES ('555.444.333-22', 13, 13, 13, 130.00);
INSERT INTO Apostar(CPF, ID_Conta, ID_Evento, ID_Aposta, Valor) VALUES ('777.666.555-44', 14, 14, 14, 140.00);
INSERT INTO Apostar(CPF, ID_Conta, ID_Evento, ID_Aposta, Valor) VALUES ('222.333.444-55', 15, 15, 15, 150.00);
INSERT INTO Apostar(CPF, ID_Conta, ID_Evento, ID_Aposta, Valor) VALUES ('666.555.444-11', 16, 16, 16, 160.00);
INSERT INTO Apostar(CPF, ID_Conta, ID_Evento, ID_Aposta, Valor) VALUES ('333.222.111-99', 17, 17, 17, 170.00);
INSERT INTO Apostar(CPF, ID_Conta, ID_Evento, ID_Aposta, Valor) VALUES ('888.777.666-22', 18, 18, 18, 180.00);
INSERT INTO Apostar(CPF, ID_Conta, ID_Evento, ID_Aposta, Valor) VALUES ('333.555.777-00', 19, 19, 19, 190.00);
INSERT INTO Apostar(CPF, ID_Conta, ID_Evento, ID_Aposta, Valor) VALUES ('333.555.777-00', 20, 20, 20, 200.00);
